Date,Max_Temp,Min_Temp,Rainfall,Max_Wind,Sunshine_Duration
2022-01-01,25.5,19.5,14.3,13.3,17634.44
2022-01-02,27.5,18.4,2.6,21.1,48883.74
2022-01-03,28.7,19.4,0.0,23.7,42298.08
2022-01-04,30.4,21.7,3.6,27.9,49152.16
2022-01-05,28.4,21.5,2.2,20.6,35602.7
2022-01-06,28.1,22.2,6.2,23.1,41702.31
2022-01-07,25.3,22.7,20.2,23.1,9446.53
2022-01-08,25.9,22.6,9.5,15.9,6031.53
2022-01-09,28.1,22.2,3.3,15.9,47879.92
2022-01-10,28.9,21.0,0.0,15.7,49020.93
2022-01-11,28.5,20.3,0.7,18.7,46766.44
2022-01-12,28.2,18.0,0.7,17.9,45796.58
2022-01-13,28.6,19.1,0.6,15.9,48323.84
2022-01-14,27.2,17.4,3.7,15.5,48825.62
2022-01-15,28.9,19.5,0.0,18.4,47101.43
2022-01-16,30.9,21.6,1.1,17.2,39759.2
2022-01-17,31.2,22.3,1.8,17.4,45490.37
2022-01-18,29.7,22.7,0.7,15.6,44327.61
2022-01-19,29.9,22.1,15.6,15.0,38770.06
2022-01-20,23.9,20.1,18.6,19.3,1417.01
2022-01-21,27.0,19.1,2.3,26.5,48013.69
2022-01-22,25.5,19.0,1.0,18.5,39583.54
2022-01-23,27.2,18.0,1.5,16.6,47282.33
2022-01-24,28.5,18.2,0.7,13.4,48223.22
2022-01-25,29.0,20.3,1.6,12.8,32991.04
2022-01-26,25.8,21.3,13.0,12.8,21107.26
2022-01-27,26.9,20.9,0.0,15.8,31880.7
2022-01-28,28.4,20.9,1.4,16.4,43253.35
2022-01-29,29.1,20.7,0.9,19.1,46063.16
2022-01-30,29.5,19.9,1.1,17.0,46093.94
2022-01-31,30.7,20.8,2.0,11.1,46668.11
2022-02-01,34.6,21.8,2.0,14.6,45609.49
2022-02-02,33.9,24.9,9.4,11.6,31901.92
2022-02-03,30.1,21.1,52.6,16.1,10860.32
2022-02-04,27.3,18.4,1.4,24.0,45165.62
2022-02-05,26.8,17.8,0.0,24.0,45741.13
2022-02-06,26.0,17.4,1.0,25.2,45235.17
2022-02-07,26.9,17.4,0.0,19.3,45270.58
2022-02-08,27.5,16.5,0.1,14.8,45575.23
2022-02-09,28.4,16.3,0.7,16.9,45342.83
2022-02-10,29.7,16.9,0.0,18.5,45646.9
2022-02-11,30.6,16.7,1.1,19.2,44881.22
2022-02-12,28.6,18.8,6.2,20.7,44118.36
2022-02-13,27.3,17.1,0.4,20.2,44157.69
2022-02-14,27.2,18.7,5.1,19.0,38078.24
2022-02-15,26.4,18.5,0.5,19.5,34305.46
2022-02-16,27.5,19.3,0.1,17.5,30011.87
2022-02-17,28.5,17.5,0.3,13.8,43792.56
2022-02-18,31.1,18.2,1.4,12.3,43571.45
2022-02-19,30.9,19.5,1.5,19.5,43351.6
2022-02-20,27.6,19.8,1.8,12.2,38986.57
2022-02-21,28.9,19.7,1.3,14.3,43281.32
2022-02-22,29.2,20.5,8.0,18.8,43200.0
2022-02-23,27.6,21.0,67.6,19.6,19367.73
2022-02-24,27.0,21.2,54.9,24.9,18371.17
2022-02-25,23.1,21.6,76.3,20.5,0.0
2022-02-26,22.6,20.2,166.5,20.2,0.0
2022-02-27,23.0,20.7,113.0,25.7,1908.25
2022-02-28,27.8,19.5,5.8,13.3,39841.98
2022-03-01,28.5,21.1,7.2,12.5,41225.31
2022-03-02,30.2,20.4,1.9,15.1,43200.0
2022-03-03,27.5,20.9,64.8,13.9,16873.92
2022-03-04,27.4,19.7,1.7,13.5,42135.62
2022-03-05,29.2,19.3,0.9,12.8,43200.0
2022-03-06,30.5,20.7,18.2,20.0,35182.51
2022-03-07,29.1,19.2,0.2,17.1,36000.0
2022-03-08,32.4,20.1,0.5,15.3,43200.0
2022-03-09,34.0,20.9,0.0,21.4,43200.0
2022-03-10,25.9,21.0,9.3,16.1,29849.34
2022-03-11,24.8,19.6,4.2,18.9,29455.72
2022-03-12,26.2,17.5,0.9,16.9,43200.0
2022-03-13,26.1,16.9,1.0,16.6,43200.0
2022-03-14,27.6,16.4,0.6,12.7,43200.0
2022-03-15,26.8,17.6,1.5,19.3,43200.0
2022-03-16,27.3,17.9,0.6,14.2,39685.0
2022-03-17,28.5,18.8,0.2,15.6,43138.15
2022-03-18,27.9,18.4,1.2,15.5,43070.9
2022-03-19,27.8,17.7,0.5,19.0,43003.77
2022-03-20,27.3,17.4,0.0,13.7,42936.86
2022-03-21,28.4,17.1,0.0,16.6,42870.26
2022-03-22,28.6,17.1,0.0,15.4,42804.06
2022-03-23,30.1,16.2,0.0,14.1,42738.35
2022-03-24,28.9,19.0,0.3,13.5,42673.16
2022-03-25,28.7,19.2,8.7,11.2,35412.5
2022-03-26,27.1,19.0,7.5,11.3,34091.31
2022-03-27,27.3,17.4,8.3,16.0,28800.0
2022-03-28,22.2,18.7,78.3,25.9,0.0
2022-03-29,24.4,18.4,10.3,16.1,26530.75
2022-03-30,26.2,19.0,11.7,26.5,20367.13
2022-03-31,27.6,19.2,0.6,17.4,31773.74
2022-04-01,26.3,16.6,0.1,11.0,42071.48
2022-04-02,26.1,16.8,2.7,15.1,41973.86
2022-04-03,27.5,17.5,0.7,15.3,41661.27
2022-04-04,26.8,18.8,0.4,10.9,31921.25
2022-04-05,27.7,16.5,1.3,10.3,41672.22
2022-04-06,26.4,19.9,1.4,15.5,39243.64
2022-04-07,26.3,18.4,0.4,17.6,41490.26
2022-04-08,26.3,18.2,0.3,18.7,41394.89
2022-04-09,24.8,19.0,6.3,19.4,36885.9
2022-04-10,26.2,17.3,0.0,11.3,40382.33
2022-04-11,27.7,16.9,0.0,13.7,40647.77
2022-04-12,27.3,18.5,1.5,11.0,39596.07
2022-04-13,25.3,17.1,7.2,12.7,32566.36
2022-04-14,24.3,15.6,1.4,16.1,39860.29
2022-04-15,25.6,15.5,0.2,16.7,39097.85
2022-04-16,24.9,15.0,0.1,13.9,38638.77
2022-04-17,23.5,15.5,0.2,13.5,37675.51
2022-04-18,25.6,15.1,0.0,10.1,39328.99
2022-04-19,25.3,14.2,0.0,10.8,39327.58
2022-04-20,28.6,16.1,0.2,17.2,39059.67
2022-04-21,26.3,15.9,0.1,14.8,39057.23
2022-04-22,25.1,17.4,0.5,17.1,33185.17
2022-04-23,22.5,16.6,3.7,23.3,38618.89
2022-04-24,22.5,16.4,0.8,20.6,26904.78
2022-04-25,21.5,16.3,2.6,18.7,26030.22
2022-04-26,20.7,16.1,5.3,10.1,0.0
2022-04-27,24.5,15.5,1.3,15.0,32433.6
2022-04-28,24.9,17.3,0.7,15.0,38465.25
2022-04-29,25.8,17.9,1.2,13.7,37944.37
2022-04-30,25.7,17.7,1.1,8.5,36876.31
2022-05-01,22.4,16.6,3.0,11.2,7689.46
2022-05-02,24.6,15.9,0.0,17.3,38543.37
2022-05-03,24.2,13.2,0.3,9.5,38510.02
2022-05-04,25.2,14.6,0.4,9.4,38476.52
2022-05-05,26.2,17.2,2.6,12.3,36154.4
2022-05-06,26.0,18.5,15.0,9.9,28487.39
2022-05-07,24.3,17.6,17.5,10.9,12019.59
2022-05-08,22.1,16.6,9.2,18.1,23603.54
2022-05-09,18.8,16.4,30.5,15.9,3559.09
2022-05-10,22.2,16.7,0.8,19.7,966.48
2022-05-11,20.1,18.7,49.0,23.5,0.0
2022-05-12,21.2,19.7,48.9,22.0,0.0
2022-05-13,21.9,20.2,23.8,19.4,0.0
2022-05-14,21.9,20.0,25.4,17.3,0.0
2022-05-15,24.9,19.8,10.4,12.1,28691.35
2022-05-16,26.1,19.1,3.1,8.4,27150.74
2022-05-17,24.7,18.9,3.0,12.7,33242.93
2022-05-18,24.3,18.2,0.6,9.3,34743.93
2022-05-19,22.4,16.1,1.6,14.9,26514.28
2022-05-20,19.8,16.1,3.2,15.6,0.0
2022-05-21,18.0,15.4,18.9,15.5,0.0
2022-05-22,18.7,15.2,9.7,17.4,13748.45
2022-05-23,19.2,14.5,0.8,16.8,19118.27
2022-05-24,21.1,14.5,0.5,18.1,31930.51
2022-05-25,22.2,13.7,0.3,15.5,26043.93
2022-05-26,21.5,13.8,3.6,14.8,36189.7
2022-05-27,22.4,13.7,0.1,13.5,36475.13
2022-05-28,23.5,13.7,0.0,12.0,36476.57
2022-05-29,20.9,13.1,0.0,23.9,36192.76
2022-05-30,18.2,12.7,0.9,21.0,3600.0
2022-05-31,18.7,13.8,0.0,31.0,36774.9
2022-06-01,19.0,12.7,0.0,23.7,36306.63
2022-06-02,17.9,8.9,0.0,18.3,36212.42
2022-06-03,20.5,8.3,5.5,13.8,32519.08
2022-06-04,19.7,11.6,2.6,21.0,35804.99
2022-06-05,18.9,9.2,0.1,12.9,36236.71
2022-06-06,20.3,12.1,2.6,19.7,27267.59
2022-06-07,16.3,10.6,0.0,17.4,3287.2
2022-06-08,18.0,8.2,0.0,17.8,36267.24
2022-06-09,17.0,6.1,0.0,25.3,36278.52
2022-06-10,16.9,6.1,0.0,23.6,36290.27
2022-06-11,17.5,7.3,0.0,21.7,36012.37
2022-06-12,18.7,9.0,0.0,25.1,36024.7
2022-06-13,19.7,7.8,0.0,20.9,30427.52
2022-06-14,20.7,9.6,0.6,9.1,35792.02
2022-06-15,21.2,10.2,1.0,10.1,35797.72
2022-06-16,22.7,10.5,0.1,13.4,35804.82
2022-06-17,21.4,9.7,0.0,14.1,36102.42
2022-06-18,20.7,9.1,0.2,12.8,35830.15
2022-06-19,21.2,9.9,0.2,14.7,35849.41
2022-06-20,20.7,10.9,0.0,9.9,35846.06
2022-06-21,21.2,9.7,0.0,11.0,35889.87
2022-06-22,22.3,8.9,0.0,10.7,35910.86
2022-06-23,21.6,9.3,0.0,11.4,35932.25
2022-06-24,22.3,8.5,0.0,10.8,35953.93
2022-06-25,20.7,8.3,0.0,10.7,35975.8
2022-06-26,20.8,7.1,0.0,10.9,35997.76
2022-06-27,21.5,9.9,0.0,14.7,33788.94
2022-06-28,20.0,9.1,0.0,16.1,36041.56
2022-06-29,18.5,10.9,0.4,12.2,16978.36
2022-06-30,19.6,11.3,0.2,9.4,19452.92
2022-07-01,15.6,14.2,13.7,9.2,0.0
2022-07-02,17.2,12.7,14.3,10.5,0.0
2022-07-03,19.4,10.5,0.0,14.9,36000.0
2022-07-04,13.8,10.7,4.9,14.3,0.0
2022-07-05,13.7,10.2,17.0,10.9,0.0
2022-07-06,18.1,11.3,6.0,15.0,17139.52
2022-07-07,21.8,12.7,0.0,27.1,36000.0
2022-07-08,18.0,9.7,0.0,22.7,36054.68
2022-07-09,17.6,6.9,0.0,18.9,36050.02
2022-07-10,18.7,6.4,0.0,13.0,36044.69
2022-07-11,19.5,7.0,0.3,16.6,35956.33
2022-07-12,18.7,7.3,13.4,8.0,21600.0
2022-07-13,17.2,6.9,0.0,25.4,36024.95
2022-07-14,18.4,8.1,0.0,22.1,36017.04
2022-07-15,20.3,9.1,0.0,13.0,36008.47
2022-07-16,19.7,7.0,0.0,12.7,36000.0
2022-07-17,20.5,8.3,0.1,13.0,36000.0
2022-07-18,23.3,11.2,0.0,13.0,36000.0
2022-07-19,20.3,8.6,0.2,17.0,33980.07
2022-07-20,17.8,11.4,0.2,23.6,23643.18
2022-07-21,17.4,12.9,10.8,18.7,0.0
2022-07-22,16.4,14.3,10.3,27.5,0.0
2022-07-23,20.7,13.2,0.1,19.8,36000.0
2022-07-24,21.4,11.4,0.0,12.7,36182.04
2022-07-25,20.9,9.5,0.0,11.1,36165.99
2022-07-26,24.0,8.5,0.0,21.4,36429.99
2022-07-27,18.2,9.0,0.0,25.1,36692.33
2022-07-28,19.7,7.7,0.0,13.7,36113.63
2022-07-29,21.3,7.4,0.0,13.0,36653.55
2022-07-30,19.6,8.2,0.0,14.7,36075.47
2022-07-31,19.9,9.8,0.1,18.4,32400.0
2022-08-01,18.2,11.4,0.0,8.2,8101.14
2022-08-02,22.2,9.9,0.0,13.3,36013.76
2022-08-03,22.4,11.0,0.0,14.5,36000.0
2022-08-04,22.2,11.1,0.0,19.7,36246.31
2022-08-05,23.3,12.1,1.0,14.8,32590.89
2022-08-06,21.5,13.1,8.1,16.6,28398.9
2022-08-07,21.1,10.1,0.0,16.5,37550.17
2022-08-08,20.0,8.5,0.0,13.0,37523.23
2022-08-09,19.6,8.6,0.0,12.8,36036.75
2022-08-10,20.4,8.6,0.0,14.6,37741.7
2022-08-11,20.6,8.8,0.0,13.5,33567.06
2022-08-12,17.4,11.2,1.4,10.6,9726.22
2022-08-13,16.9,9.6,19.9,14.3,6988.78
2022-08-14,21.0,7.0,0.0,15.9,38601.88
2022-08-15,19.8,7.9,0.0,12.4,38637.81
2022-08-16,20.6,7.0,0.2,13.9,38405.58
2022-08-17,20.0,7.8,0.0,12.8,38444.38
2022-08-18,22.7,8.4,0.0,10.8,38752.73
2022-08-19,26.6,7.7,0.0,11.4,39061.24
2022-08-20,22.7,11.1,0.0,14.3,39102.24
2022-08-21,20.4,8.9,0.5,15.8,38609.88
2022-08-22,20.6,9.2,0.7,9.4,38653.5
2022-08-23,23.5,10.3,5.5,23.9,38697.86
2022-08-24,19.7,8.4,0.0,28.4,39540.57
2022-08-25,21.3,7.6,0.0,14.8,39585.01
2022-08-26,20.1,7.1,0.7,10.3,39364.96
2022-08-27,20.4,9.1,0.8,14.2,39146.17
2022-08-28,21.5,10.8,0.5,14.2,34368.41
2022-08-29,21.8,12.3,1.6,19.0,34046.98
2022-08-30,19.9,13.6,7.4,9.3,0.0
2022-08-31,22.9,13.9,13.3,14.3,37727.71
2022-09-01,22.3,11.5,0.5,11.2,39253.58
2022-09-02,20.4,13.0,5.8,13.8,14123.15
2022-09-03,18.8,14.0,28.7,19.1,9338.01
2022-09-04,21.0,12.7,0.0,22.1,39233.47
2022-09-05,19.8,10.2,0.1,12.5,33665.88
2022-09-06,19.6,9.8,0.0,13.0,39901.54
2022-09-07,20.1,9.4,1.0,12.6,40164.6
2022-09-08,20.1,9.6,0.1,16.1,37096.85
2022-09-09,21.1,13.0,21.6,11.6,19317.61
2022-09-10,24.2,9.8,0.0,21.3,41423.53
2022-09-11,24.0,12.6,0.0,13.9,40627.02
2022-09-12,22.8,14.3,0.2,15.3,32733.17
2022-09-13,23.8,11.5,0.0,16.9,41637.45
2022-09-14,21.6,11.0,0.6,12.7,41622.18
2022-09-15,20.8,10.9,1.4,17.1,32400.0
2022-09-16,23.5,14.1,11.7,20.3,28112.12
2022-09-17,28.5,14.2,1.2,18.9,39611.55
2022-09-18,26.2,12.2,0.0,12.9,41898.17
2022-09-19,28.5,11.1,0.0,16.3,41925.47
2022-09-20,25.9,11.4,0.0,18.3,41953.0
2022-09-21,21.7,14.6,5.4,15.5,14769.14
2022-09-22,20.8,15.4,9.9,13.4,17366.38
2022-09-23,24.9,14.3,24.8,14.8,39600.0
2022-09-24,26.6,14.0,0.0,19.8,42063.35
2022-09-25,25.2,14.1,0.0,15.0,42219.54
2022-09-26,26.1,12.6,0.1,17.6,42118.9
2022-09-27,22.9,15.2,19.6,16.1,29726.84
2022-09-28,24.2,16.5,22.0,14.2,24936.54
2022-09-29,22.4,14.6,0.0,18.2,36947.1
2022-09-30,26.4,11.6,0.0,16.9,42704.12
2022-10-01,22.3,13.9,6.4,17.2,29564.77
2022-10-02,18.5,11.9,8.7,14.3,26026.54
2022-10-03,21.6,9.9,0.1,14.0,42737.14
2022-10-04,21.5,10.7,0.1,11.3,43204.06
2022-10-05,23.1,11.3,0.8,15.3,40698.21
2022-10-06,21.3,15.2,3.7,9.4,6305.39
2022-10-07,22.7,16.1,0.0,15.9,36118.75
2022-10-08,23.8,15.1,0.3,19.3,42532.19
2022-10-09,26.5,18.2,6.5,16.0,24826.42
2022-10-10,21.1,15.6,1.0,22.8,10408.9
2022-10-11,22.0,13.2,0.0,20.4,38755.29
2022-10-12,23.1,12.4,0.0,21.4,45031.55
2022-10-13,23.9,13.8,0.2,17.2,44516.23
2022-10-14,25.6,15.1,0.2,15.7,35143.87
2022-10-15,24.7,16.0,0.0,15.3,44041.42
2022-10-16,24.2,14.3,0.5,14.6,42300.83
2022-10-17,22.3,15.8,4.8,15.3,35506.08
2022-10-18,23.6,14.3,0.8,18.3,41189.08
2022-10-19,21.5,17.6,3.9,15.8,0.0
2022-10-20,23.6,18.2,1.0,17.1,10349.25
2022-10-21,21.7,19.0,22.5,20.9,0.0
2022-10-22,21.4,17.8,22.6,16.2,0.0
2022-10-23,21.5,18.0,97.4,27.1,10975.33
2022-10-24,29.3,16.9,1.8,15.3,46154.66
2022-10-25,27.5,18.2,8.9,17.9,33251.7
2022-10-26,32.3,18.3,0.0,14.4,40432.56
2022-10-27,33.1,17.1,0.0,16.3,46434.8
2022-10-28,30.2,19.3,0.0,19.5,46523.6
2022-10-29,29.9,15.1,0.0,20.3,46595.51
2022-10-30,28.4,14.8,0.0,15.0,46642.21
2022-10-31,28.0,16.7,0.8,18.0,30538.42
2022-11-01,25.4,18.0,30.7,22.3,15891.92
2022-11-02,22.0,13.8,0.0,23.3,46775.74
2022-11-03,22.5,10.8,0.0,16.3,46800.0
2022-11-04,23.9,11.8,0.0,18.9,46800.0
2022-11-05,23.5,13.7,0.4,17.6,46800.0
2022-11-06,23.7,13.9,0.9,15.8,46800.0
2022-11-07,24.1,14.2,0.2,17.2,46800.0
2022-11-08,23.2,13.1,2.3,16.1,46404.06
2022-11-09,23.8,12.8,0.0,19.5,46800.0
2022-11-10,24.9,14.0,0.3,16.9,46800.0
2022-11-11,26.1,12.2,0.0,16.5,46800.0
2022-11-12,27.5,13.5,0.1,18.4,44929.24
2022-11-13,27.5,16.5,0.0,23.1,46800.0
2022-11-14,29.2,19.0,0.2,19.9,45658.44
2022-11-15,33.2,18.1,0.0,17.7,46800.0
2022-11-16,29.7,17.0,0.0,26.9,46800.0
2022-11-17,24.3,14.4,0.0,19.5,45063.07
2022-11-18,25.9,11.8,0.0,16.3,46800.0
2022-11-19,28.3,15.2,0.9,24.6,46800.0
2022-11-20,33.4,19.1,0.7,20.5,37585.88
2022-11-21,33.9,21.8,0.0,21.3,42442.14
2022-11-22,30.4,18.2,0.0,19.1,46800.0
2022-11-23,28.2,16.2,0.0,13.6,28611.18
2022-11-24,27.2,16.7,0.0,15.3,27175.1
2022-11-25,31.1,15.0,0.0,17.5,46800.0
2022-11-26,34.0,15.6,0.0,22.5,46800.0
2022-11-27,29.2,18.8,4.6,17.6,28800.0
2022-11-28,30.3,20.4,12.6,17.2,41546.34
2022-11-29,30.4,20.9,0.8,17.4,39185.36
2022-11-30,22.2,16.8,13.2,18.8,0.0
2022-12-01,17.7,15.5,17.3,22.6,0.0
2022-12-02,24.1,14.9,0.7,22.9,46119.59
2022-12-03,24.3,15.2,0.7,24.6,47138.83
2022-12-04,25.1,15.1,0.1,17.9,46708.44
2022-12-05,28.1,16.3,0.5,12.8,47097.3
2022-12-06,34.6,16.4,0.0,17.3,47361.09
2022-12-07,28.6,17.5,0.0,16.2,47341.56
2022-12-08,29.4,19.9,5.1,18.5,44769.75
2022-12-09,25.5,20.0,0.3,20.5,37313.18
2022-12-10,25.6,18.6,0.4,16.7,40539.74
2022-12-11,27.0,18.9,0.0,15.6,47551.72
2022-12-12,29.6,18.1,0.3,24.1,37430.15
2022-12-13,29.1,20.6,1.1,16.9,46978.06
2022-12-14,32.5,18.9,0.2,16.3,47943.72
2022-12-15,28.1,16.5,0.1,19.8,47764.21
2022-12-16,25.8,17.0,2.0,15.4,48032.14
2022-12-17,25.0,17.1,0.9,18.9,46800.0
2022-12-18,25.3,15.7,0.3,20.2,47425.78
2022-12-19,25.6,15.5,0.0,22.5,48266.47
2022-12-20,27.9,14.2,0.0,25.9,48535.87
2022-12-21,26.1,14.6,0.0,18.4,48519.78
2022-12-22,26.9,16.1,0.0,17.7,46817.74
2022-12-23,30.0,18.3,0.6,19.4,43191.46
2022-12-24,27.0,19.9,12.5,10.0,1282.78
2022-12-25,27.8,19.1,13.3,14.5,41037.51
2022-12-26,27.0,19.1,1.6,20.2,48732.48
2022-12-27,26.4,18.5,1.9,21.4,49240.33
2022-12-28,26.5,17.8,2.5,16.3,48567.46
2022-12-29,27.5,17.0,0.1,20.2,36873.82
2022-12-30,27.2,20.6,3.8,19.2,20277.44
2022-12-31,28.0,19.3,0.6,17.6,46510.53
2023-01-01,27.8,18.7,1.0,17.0,47810.59
2023-01-02,27.4,17.8,1.9,15.8,49314.09
2023-01-03,30.6,17.6,0.0,18.7,49139.66
2023-01-04,31.3,18.8,11.2,18.1,43084.46
2023-01-05,27.3,21.1,10.6,11.3,0.0
2023-01-06,27.3,18.7,2.4,19.9,39512.42
2023-01-07,27.5,17.4,0.6,16.9,49151.69
2023-01-08,28.8,18.5,0.5,18.0,48875.38
2023-01-09,29.9,20.5,0.4,18.6,49071.5
2023-01-10,30.1,18.3,0.1,19.2,47869.55
2023-01-11,29.9,17.7,0.0,17.0,46536.98
2023-01-12,28.8,18.6,0.0,16.6,42929.39
2023-01-13,29.1,18.5,0.5,18.4,38117.38
2023-01-14,25.6,20.4,1.7,17.2,18838.24
2023-01-15,27.3,19.3,0.0,15.2,18049.44
2023-01-16,26.3,21.8,4.4,18.0,9434.88
2023-01-17,28.6,19.6,0.1,19.0,45796.81
2023-01-18,28.6,18.9,0.7,16.7,48620.4
2023-01-19,29.6,16.9,0.1,17.6,48562.21
2023-01-20,27.6,20.0,3.9,20.0,35362.95
2023-01-21,28.7,17.5,0.2,19.5,47385.73
2023-01-22,28.0,17.3,1.6,17.0,48374.96
2023-01-23,29.7,18.5,0.0,15.3,48308.65
2023-01-24,30.1,19.4,4.8,16.4,40141.7
2023-01-25,31.4,20.3,1.9,13.2,36734.67
2023-01-26,32.7,20.6,0.0,13.7,45647.51
2023-01-27,32.0,21.4,0.2,10.2,17915.56
2023-01-28,32.1,20.9,2.2,12.0,46304.21
2023-01-29,31.1,21.2,1.9,15.8,46605.28
2023-01-30,30.6,21.8,4.7,15.5,29958.51
2023-01-31,32.4,22.0,16.7,18.9,38563.73
2023-02-01,32.9,22.5,5.2,17.3,44514.95
2023-02-02,29.5,22.6,2.4,10.4,32939.02
2023-02-03,33.3,21.9,8.0,18.0,40470.1
2023-02-04,28.4,22.9,2.7,15.5,11672.24
2023-02-05,30.2,21.4,0.3,18.0,45461.52
2023-02-06,29.8,20.1,0.0,17.3,44955.28
2023-02-07,29.1,18.6,0.0,15.8,42570.06
2023-02-08,29.5,19.7,0.0,18.8,42428.22
2023-02-09,28.2,20.3,1.2,17.7,38983.28
2023-02-10,30.4,19.3,0.2,18.2,44295.37
2023-02-11,33.3,18.8,0.0,20.4,45404.3
2023-02-12,37.7,19.2,0.0,21.9,44907.85
2023-02-13,34.0,22.3,1.3,20.6,43881.08
2023-02-14,27.8,20.0,45.0,16.0,22340.32
2023-02-15,27.5,19.2,3.8,21.5,43237.55
2023-02-16,27.8,17.0,0.0,14.6,42457.99
2023-02-17,28.4,16.5,0.0,15.3,41891.88
2023-02-18,30.0,18.0,0.0,18.4,43827.28
2023-02-19,29.2,17.7,0.0,16.2,43490.16
2023-02-20,27.9,20.9,1.9,17.0,27366.76
2023-02-21,28.6,19.8,0.7,17.9,32315.68
2023-02-22,28.5,18.8,0.9,23.1,43303.19
2023-02-23,27.5,19.2,1.1,21.5,36903.61
2023-02-24,26.4,18.7,6.3,22.7,41190.02
2023-02-25,27.5,17.4,1.2,13.4,43200.0
2023-02-26,28.6,17.0,1.0,13.8,43200.0
2023-02-27,30.0,18.5,0.0,16.1,43200.0
2023-02-28,30.4,19.5,0.0,14.9,43200.0
2023-03-01,31.5,19.6,1.5,17.4,43200.0
2023-03-02,28.4,21.4,2.6,15.3,40964.32
2023-03-03,29.2,20.1,1.0,20.8,43200.0
2023-03-04,28.9,17.8,0.0,21.1,43200.0
2023-03-05,29.1,17.3,0.1,13.9,43200.0
2023-03-06,29.7,18.6,0.1,18.8,43200.0
2023-03-07,32.2,18.5,0.0,19.7,41886.46
2023-03-08,31.2,21.9,0.0,13.4,3436.26
2023-03-09,29.9,21.7,3.7,14.0,0.0
2023-03-10,29.4,21.2,10.7,13.3,8146.02
2023-03-11,26.5,21.7,33.0,11.0,7964.55
2023-03-12,30.6,21.8,12.8,11.8,31149.79
2023-03-13,29.1,21.5,5.6,11.9,42398.43
2023-03-14,30.3,20.2,0.7,12.7,43200.0
2023-03-15,30.8,19.8,1.4,13.2,43200.0
2023-03-16,33.6,21.0,0.7,12.9,43200.0
2023-03-17,35.6,22.5,0.0,15.5,40929.54
2023-03-18,31.5,23.0,0.6,13.6,43089.01
2023-03-19,30.7,22.6,0.5,14.5,42640.89
2023-03-20,31.1,19.8,0.1,16.3,42959.04
2023-03-21,29.2,21.2,0.7,21.8,37971.34
2023-03-22,24.9,21.0,6.1,15.8,4188.5
2023-03-23,28.3,19.4,0.0,13.4,42759.81
2023-03-24,30.8,17.6,0.5,16.0,42468.37
2023-03-25,29.3,19.0,8.6,11.8,35640.65
2023-03-26,28.0,19.1,20.5,10.9,38957.06
2023-03-27,29.6,19.7,0.6,12.7,42489.12
2023-03-28,31.2,20.1,0.3,11.7,36474.9
2023-03-29,26.0,22.0,2.9,10.5,2352.62
2023-03-30,30.1,19.6,6.2,18.7,28005.13
2023-03-31,28.4,15.4,0.0,12.1,42169.99
2023-04-01,24.7,17.8,0.0,10.0,6392.94
2023-04-02,26.9,15.2,0.2,13.7,41994.08
2023-04-03,26.9,16.2,1.0,16.5,41403.71
2023-04-04,26.7,17.3,8.5,13.2,41800.82
2023-04-05,29.0,16.6,0.1,14.2,41705.05
2023-04-06,26.1,16.7,0.2,12.4,34347.06
2023-04-07,24.5,17.1,2.9,20.3,22255.96
2023-04-08,27.3,18.4,0.0,28.7,41421.88
2023-04-09,26.5,16.9,0.0,25.7,41328.26
2023-04-10,25.8,14.5,0.0,20.1,37957.83
2023-04-11,27.0,12.7,0.0,16.2,41140.94
2023-04-12,27.8,12.9,0.0,15.3,37046.63
2023-04-13,27.9,15.4,0.0,26.3,40649.04
2023-04-14,27.3,13.9,0.0,11.8,39595.38
2023-04-15,25.4,14.2,0.9,13.3,39860.52
2023-04-16,29.5,15.9,0.0,19.1,39073.95
2023-04-17,29.3,18.5,0.2,22.1,39332.01
2023-04-18,27.3,16.7,0.0,19.4,38657.94
2023-04-19,26.3,16.6,0.0,16.0,39330.84
2023-04-20,27.4,15.2,0.0,19.1,38946.42
2023-04-21,25.3,16.5,1.7,21.0,38914.27
2023-04-22,25.7,16.8,0.0,23.9,38882.02
2023-04-23,26.9,15.4,0.0,23.8,38849.67
2023-04-24,25.3,17.1,2.4,26.9,38096.81
2023-04-25,24.1,17.1,2.3,22.2,36733.18
2023-04-26,22.7,15.8,1.5,17.8,34000.49
2023-04-27,24.5,15.9,1.3,14.9,37893.19
2023-04-28,24.7,15.8,0.4,12.1,38686.09
2023-04-29,24.1,14.3,0.5,10.9,16428.71
2023-04-30,26.0,16.3,8.9,14.0,36000.0
2023-05-01,23.8,12.7,0.0,17.9,38585.97
2023-05-02,24.3,12.5,0.0,13.8,38552.16
2023-05-03,26.0,13.3,0.0,11.4,38518.18
2023-05-04,26.1,12.7,0.1,16.6,38484.06
2023-05-05,23.6,13.6,0.3,11.8,38350.45
2023-05-06,25.3,12.5,0.0,12.5,38415.48
2023-05-07,25.0,12.7,0.4,19.3,27426.58
2023-05-08,21.2,9.7,0.0,25.7,38346.67
2023-05-09,22.2,7.9,0.0,19.8,38312.25
2023-05-10,24.0,9.5,0.0,15.4,38277.86
2023-05-11,23.3,12.3,0.0,15.5,37937.59
2023-05-12,23.5,13.4,0.0,15.8,38209.31
2023-05-13,23.8,13.1,0.1,17.4,37424.73
2023-05-14,21.8,14.4,12.7,15.2,16849.54
2023-05-15,21.3,15.4,36.8,14.8,8278.66
2023-05-16,19.2,14.8,48.0,21.4,7200.0
2023-05-17,22.6,12.3,0.0,15.9,38040.76
2023-05-18,21.1,11.4,0.0,11.2,36487.08
2023-05-19,20.5,9.4,0.0,11.0,37833.2
2023-05-20,20.9,9.0,0.0,11.9,37854.38
2023-05-21,20.4,10.0,0.0,22.4,37875.53
2023-05-22,21.6,9.4,0.0,13.2,37613.21
2023-05-23,22.4,8.6,0.0,12.3,37336.14
2023-05-24,22.2,9.1,0.0,10.9,37334.29
2023-05-25,23.1,9.9,0.0,11.2,37048.81
2023-05-26,25.7,10.1,0.0,23.7,37048.74
2023-05-27,21.6,10.2,0.0,16.5,37049.71
2023-05-28,21.5,9.2,0.0,14.6,37051.64
2023-05-29,20.6,9.0,0.0,16.2,36768.12
2023-05-30,21.8,8.2,0.0,11.8,36771.56
2023-05-31,22.7,6.8,0.0,12.0,36775.78
2023-06-01,24.5,9.1,0.0,13.6,36493.4
2023-06-02,23.7,10.4,0.0,12.3,36498.93
2023-06-03,22.9,13.2,0.4,10.7,35928.95
2023-06-04,22.0,15.5,2.7,16.9,1291.19
2023-06-05,21.3,15.4,1.3,22.1,20080.56
2023-06-06,20.9,13.0,0.1,13.0,35852.35
2023-06-07,22.0,12.2,0.2,13.0,35958.26
2023-06-08,22.3,14.2,0.1,8.4,31059.1
2023-06-09,23.0,11.8,0.4,13.4,35978.39
2023-06-10,22.4,9.3,0.0,12.0,35990.39
2023-06-11,22.8,12.4,0.0,11.4,33343.86
2023-06-12,20.0,11.9,1.5,7.9,33144.88
2023-06-13,23.3,12.0,0.7,10.5,35787.16
2023-06-14,23.7,11.3,0.0,20.5,36049.5
2023-06-15,20.9,9.1,0.0,14.3,36066.54
2023-06-16,20.4,7.7,0.0,13.8,36084.36
2023-06-17,21.5,9.7,0.0,11.0,35814.64
2023-06-18,22.9,9.0,0.0,15.8,35371.01
2023-06-19,21.9,11.8,0.0,16.0,36141.01
2023-06-20,20.0,8.9,0.0,19.4,35869.91
2023-06-21,19.7,5.8,0.0,11.0,35889.88
2023-06-22,20.7,7.4,0.0,10.5,35872.24
2023-06-23,24.2,11.0,5.8,22.0,35930.19
2023-06-24,23.8,9.4,0.0,16.2,35950.31
2023-06-25,28.1,8.0,0.0,12.0,35970.39
2023-06-26,24.3,14.2,0.0,20.4,35990.22
2023-06-27,21.7,10.4,0.0,18.4,36009.78
2023-06-28,25.3,9.9,0.0,15.9,34940.86
2023-06-29,20.8,11.8,0.0,20.7,29269.52
2023-06-30,20.3,7.8,0.0,21.9,36066.69
2023-07-01,19.8,7.7,0.0,14.7,25200.0
2023-07-02,21.9,9.7,0.0,17.7,26256.2
2023-07-03,19.4,13.1,1.9,19.0,11960.2
2023-07-04,19.2,14.8,25.6,11.0,722.22
2023-07-05,24.0,14.4,0.0,15.7,35720.75
2023-07-06,24.3,9.7,0.0,16.9,26065.01
2023-07-07,21.5,11.3,0.0,24.1,36059.54
2023-07-08,20.6,8.8,0.0,20.3,36055.98
2023-07-09,20.3,10.6,0.0,22.1,36000.0
2023-07-10,22.1,8.2,0.0,15.0,36046.91
2023-07-11,23.3,8.8,0.0,11.5,36041.39
2023-07-12,21.6,8.1,0.7,13.3,33307.55
2023-07-13,22.1,11.0,0.0,13.7,36000.0
2023-07-14,21.3,9.5,0.0,11.4,36020.45
2023-07-15,21.9,9.1,0.0,12.0,36000.0
2023-07-16,23.7,9.6,0.0,10.2,36002.81
2023-07-17,18.4,10.6,1.7,9.4,10800.0
2023-07-18,20.3,13.2,1.1,8.0,28831.75
2023-07-19,23.8,10.7,0.0,12.7,36000.0
2023-07-20,21.7,8.4,0.0,10.9,36242.05
2023-07-21,24.1,6.4,0.0,15.8,34688.33
2023-07-22,21.3,8.9,0.0,12.3,36214.68
2023-07-23,21.6,7.6,0.0,13.3,36199.99
2023-07-24,19.6,11.2,0.0,20.8,17889.85
2023-07-25,21.9,10.0,0.0,20.9,36168.62
2023-07-26,22.5,10.1,0.0,15.1,36432.81
2023-07-27,21.7,10.4,0.0,12.1,36134.68
2023-07-28,23.8,9.5,0.0,12.2,36396.72
2023-07-29,24.5,9.8,0.0,10.4,36098.35
2023-07-30,25.2,9.6,0.0,13.2,36637.21
2023-07-31,27.2,9.2,0.0,10.8,32459.76
2023-08-01,24.7,11.9,0.2,12.2,36317.6
2023-08-02,23.2,14.2,0.1,20.0,36018.97
2023-08-03,21.1,12.0,1.1,17.4,32674.82
2023-08-04,22.1,12.3,0.3,15.7,36252.65
2023-08-05,23.1,11.3,0.1,12.4,36809.06
2023-08-06,19.4,11.2,3.6,12.3,36757.99
2023-08-07,21.0,11.6,0.6,12.9,33143.67
2023-08-08,20.8,11.4,0.0,14.8,34258.74
2023-08-09,21.1,10.2,0.0,13.9,37230.31
2023-08-10,23.1,9.8,0.0,13.0,37202.64
2023-08-11,26.9,8.3,0.0,13.3,37921.88
2023-08-12,27.3,9.2,0.0,11.7,36598.47
2023-08-13,28.6,11.3,0.0,14.7,38291.13
2023-08-14,29.6,11.7,0.0,12.8,37509.63
2023-08-15,26.5,12.0,1.2,11.3,36147.42
2023-08-16,22.3,13.7,0.5,12.0,36331.45
2023-08-17,23.6,11.9,0.8,19.1,34737.62
2023-08-18,24.1,15.5,0.1,24.3,30973.96
2023-08-19,21.1,12.6,0.0,25.0,39055.7
2023-08-20,22.7,9.2,0.0,15.3,39095.84
2023-08-21,23.5,9.5,0.0,15.1,39136.71
2023-08-22,25.9,10.4,0.2,14.0,38911.43
2023-08-23,28.0,12.4,0.0,12.0,39220.37
2023-08-24,24.2,12.4,0.0,16.3,39263.06
2023-08-25,24.6,11.2,0.0,15.5,39306.24
2023-08-26,23.4,10.5,0.3,14.8,39349.88
2023-08-27,23.8,11.5,1.9,14.9,39394.3
2023-08-28,24.4,11.3,1.0,15.1,39440.01
2023-08-29,23.3,10.9,0.1,9.7,36422.56
2023-08-30,23.4,11.5,1.6,11.9,37092.13
2023-08-31,24.6,10.6,0.0,11.5,39583.95
2023-09-01,28.4,12.7,0.0,12.5,39803.54
2023-09-02,22.4,13.4,0.2,14.8,36091.37
2023-09-03,23.6,14.8,1.3,15.3,40261.17
2023-09-04,21.5,14.8,5.9,15.8,34011.68
2023-09-05,28.5,12.5,1.9,15.9,39841.29
2023-09-06,26.2,15.6,0.0,14.1,39796.08
2023-09-07,25.9,15.6,0.0,18.3,40952.85
2023-09-08,26.5,15.6,2.3,21.3,37076.25
2023-09-09,24.3,11.4,0.0,15.8,41651.02
2023-09-10,22.1,9.6,0.0,16.9,37045.93
2023-09-11,21.9,10.6,0.3,18.9,40630.92
2023-09-12,23.4,9.6,0.8,13.5,40615.97
2023-09-13,24.3,10.9,4.0,13.0,39177.9
2023-09-14,23.7,11.6,1.8,17.2,40846.06
2023-09-15,24.5,10.4,0.0,14.8,41812.17
2023-09-16,24.9,10.7,0.0,12.1,41839.26
2023-09-17,25.7,10.8,0.0,13.0,41866.26
2023-09-18,25.5,11.0,0.0,14.3,41893.21
2023-09-19,25.7,12.4,0.0,16.8,41920.13
2023-09-20,28.7,13.0,0.0,19.4,41947.06
2023-09-21,34.0,11.9,0.0,17.1,41974.02
2023-09-22,24.3,15.2,0.0,23.3,28310.17
2023-09-23,22.9,13.0,0.0,20.8,40795.9
2023-09-24,22.6,13.9,0.4,16.4,33540.57
2023-09-25,22.9,12.4,0.1,12.0,36636.85
2023-09-26,26.8,10.1,0.0,16.8,42209.83
2023-09-27,31.0,11.3,0.0,16.8,42202.58
2023-09-28,29.2,14.6,19.3,15.5,25229.69
2023-09-29,27.4,15.7,0.0,15.3,42194.36
2023-09-30,27.0,14.1,0.0,16.8,42442.4
2023-10-01,25.9,13.2,0.0,21.0,42437.42
2023-10-02,27.7,12.2,0.0,17.8,43209.7
2023-10-03,27.0,14.4,0.0,19.5,42947.67
2023-10-04,25.2,16.2,2.9,25.6,43204.44
2023-10-05,28.1,18.6,0.4,18.0,35171.2
2023-10-06,25.5,14.6,0.1,16.0,38715.95
2023-10-07,23.6,14.6,0.7,21.9,41262.24
2023-10-08,22.7,12.8,0.2,19.2,23335.3
2023-10-09,24.6,11.3,0.0,14.7,44017.22
2023-10-10,26.7,11.5,0.0,17.4,42527.6
2023-10-11,27.6,12.7,0.1,15.3,44507.14
2023-10-12,28.3,14.9,0.0,20.8,44770.89
2023-10-13,32.9,14.6,0.1,19.5,45104.65
2023-10-14,28.5,17.3,0.2,15.0,42495.14
2023-10-15,31.8,14.9,0.0,17.3,45296.89
2023-10-16,31.3,17.1,1.2,23.0,43128.32
2023-10-17,28.0,17.2,0.0,25.3,45488.02
2023-10-18,25.2,13.7,0.1,18.0,33660.03
2023-10-19,26.5,12.9,0.0,19.6,45677.42
2023-10-20,27.4,13.2,0.0,18.3,45771.28
2023-10-21,28.0,15.5,0.0,18.9,45864.47
2023-10-22,29.8,16.6,0.0,22.2,45956.92
2023-10-23,31.9,17.6,0.0,22.1,46048.54
2023-10-24,28.9,18.3,0.0,23.3,43928.43
2023-10-25,30.4,18.5,0.0,22.6,46228.97
2023-10-26,30.6,18.3,3.7,18.8,45060.91
2023-10-27,23.9,15.5,6.2,22.4,34910.02
2023-10-28,25.1,13.2,0.0,19.2,45231.28
2023-10-29,23.7,11.9,0.1,14.9,46578.11
2023-10-30,28.0,11.9,0.0,19.0,46626.03
2023-10-31,32.6,14.3,0.0,20.9,46673.11
2023-11-01,27.6,16.0,0.2,22.0,46098.3
2023-11-02,26.2,14.9,0.0,17.9,46764.49
2023-11-03,24.1,14.5,5.0,15.5,36006.92
2023-11-04,26.4,16.4,1.8,19.0,46800.0
2023-11-05,24.3,17.7,13.4,16.6,40684.26
2023-11-06,22.6,16.1,2.3,17.6,22414.53
2023-11-07,23.8,13.5,2.3,16.6,46800.0
2023-11-08,25.6,15.2,1.4,16.3,46800.0
2023-11-09,26.3,15.0,0.0,14.7,46800.0
2023-11-10,26.4,16.9,2.0,18.8,40010.3
2023-11-11,26.2,15.6,1.0,15.8,43032.31
2023-11-12,28.0,15.8,0.0,18.1,46800.0
2023-11-13,31.0,16.2,0.0,17.8,46800.0
2023-11-14,28.4,20.3,1.2,20.4,31805.39
2023-11-15,32.9,18.7,0.0,17.7,46800.0
2023-11-16,36.0,21.3,1.1,11.8,43200.0
2023-11-17,32.8,19.4,17.5,21.2,43666.79
2023-11-18,26.1,16.6,0.0,16.8,46800.0
2023-11-19,27.3,15.5,0.0,15.1,46130.91
2023-11-20,22.1,19.3,15.1,19.2,1003.97
2023-11-21,24.8,19.6,26.6,21.6,22735.81
2023-11-22,27.0,19.5,5.7,15.0,32540.46
2023-11-23,25.1,19.2,1.5,17.1,45567.75
2023-11-24,26.8,19.2,0.8,16.0,45163.22
2023-11-25,23.6,17.9,2.9,13.8,8987.62
2023-11-26,27.6,16.7,0.3,14.3,46598.46
2023-11-27,30.6,18.0,2.6,17.9,41113.18
2023-11-28,22.7,19.5,33.0,14.3,771.85
2023-11-29,30.1,18.8,8.4,15.8,38593.02
2023-11-30,33.8,19.5,0.2,15.5,46800.0
2023-12-01,33.9,21.4,5.5,21.8,39509.83
2023-12-02,32.8,20.3,18.8,19.8,46883.34
2023-12-03,33.2,20.1,0.0,19.0,46862.71
2023-12-04,30.7,20.7,5.3,18.4,43908.99
2023-12-05,29.1,19.8,1.5,14.2,47105.82
2023-12-06,31.8,19.3,0.0,15.8,47369.65
2023-12-07,30.2,18.6,0.0,12.8,47349.69
2023-12-08,30.2,19.4,0.1,16.1,47329.78
2023-12-09,29.2,21.0,0.1,15.3,47594.51
2023-12-10,29.1,20.2,0.0,18.8,46452.49
2023-12-11,29.2,20.5,0.0,18.1,46099.25
2023-12-12,29.4,20.8,0.3,15.2,40621.26
2023-12-13,29.4,20.8,0.0,16.1,47802.32
2023-12-14,31.9,18.7,0.0,18.1,45422.34
2023-12-15,33.1,22.4,5.2,13.1,31855.02
2023-12-16,32.5,22.3,0.5,15.0,43766.57
2023-12-17,33.4,22.3,2.3,17.8,43292.41
2023-12-18,29.9,23.9,5.0,17.9,45806.89
2023-12-19,30.1,20.9,0.5,16.8,48267.62
2023-12-20,29.5,20.3,0.9,18.1,41173.32
2023-12-21,29.1,20.9,16.4,11.0,20680.45
2023-12-22,24.9,18.2,13.0,10.7,15962.02
2023-12-23,28.2,16.3,2.2,15.1,47063.81
2023-12-24,27.8,19.9,25.8,16.2,28042.96
2023-12-25,33.8,19.6,3.2,17.3,41981.65
2023-12-26,32.2,20.3,4.9,16.2,45456.71
2023-12-27,32.8,21.3,0.8,13.1,46818.75
2023-12-28,34.8,21.3,0.3,17.3,49250.45
2023-12-29,37.9,21.4,0.0,18.9,48701.13
2023-12-30,26.4,20.0,17.8,12.1,2563.08
2023-12-31,29.5,18.8,1.1,18.4,47538.43
2024-01-01,24.4,20.1,20.1,17.1,11006.47
2024-01-02,23.6,19.3,56.0,19.4,1227.46
2024-01-03,29.7,19.1,4.6,16.5,48860.84
2024-01-04,29.6,20.6,1.2,12.6,45256.98
2024-01-05,30.1,21.8,5.3,17.5,39026.01
2024-01-06,26.0,19.9,3.0,22.3,26021.07
2024-01-07,27.6,19.1,3.7,16.6,45696.55
2024-01-08,28.3,21.0,2.5,15.4,42170.42
2024-01-09,29.2,22.5,3.0,16.0,19054.92
2024-01-10,30.2,22.8,6.7,14.0,43200.0
2024-01-11,28.7,20.8,1.0,18.0,47878.0
2024-01-12,29.2,20.8,3.4,22.5,48391.1
2024-01-13,29.8,21.2,2.2,17.4,47499.73
2024-01-14,32.3,19.4,0.1,20.0,48854.55
2024-01-15,28.2,21.6,12.4,18.4,37406.17
2024-01-16,28.2,20.9,14.4,17.2,34424.96
2024-01-17,29.0,21.9,2.5,15.1,42788.78
2024-01-18,31.9,22.5,3.6,15.9,38018.3
2024-01-19,32.1,22.5,7.5,13.3,45140.18
2024-01-20,30.3,22.8,5.5,10.6,30005.46
2024-01-21,31.9,23.1,1.0,14.4,47173.55
2024-01-22,35.4,23.6,0.3,17.1,46800.65
2024-01-23,26.6,22.5,0.0,17.1,4711.12
2024-01-24,29.6,20.1,0.0,14.1,47217.15
2024-01-25,30.2,20.2,0.0,15.6,47459.44
2024-01-26,30.1,20.2,0.6,18.4,34003.4
2024-01-27,34.8,24.7,1.8,16.8,43082.96
2024-01-28,28.7,25.0,51.9,9.5,4274.11
2024-01-29,30.1,24.4,16.1,15.6,23626.69
2024-01-30,26.6,23.7,37.3,16.5,0.0
2024-01-31,29.2,21.4,0.0,19.6,42013.41
2024-02-01,29.9,21.0,0.2,18.3,46139.17
2024-02-02,31.7,19.9,0.0,15.0,47405.37
2024-02-03,31.0,21.8,0.4,15.3,41621.42
2024-02-04,29.5,21.8,1.7,14.9,44498.63
2024-02-05,30.6,22.9,0.2,16.1,45721.13
2024-02-06,31.1,22.5,0.9,15.0,45754.98
2024-02-07,29.8,23.7,4.5,23.2,44981.04
2024-02-08,29.9,22.1,1.8,21.8,44053.76
2024-02-09,25.5,21.9,3.6,16.3,10381.84
2024-02-10,26.5,22.1,1.5,16.6,11551.3
2024-02-11,29.4,21.0,1.3,20.8,43572.97
2024-02-12,28.3,20.5,3.0,19.4,44365.99
2024-02-13,27.8,21.0,1.8,15.9,19634.61
2024-02-14,30.2,19.8,2.9,10.7,36449.2
2024-02-15,28.4,22.4,4.2,14.7,23786.41
2024-02-16,23.1,20.5,50.5,16.6,3278.39
2024-02-17,28.8,19.6,0.4,18.5,43775.25
2024-02-18,28.9,19.9,0.9,17.1,43818.16
2024-02-19,29.1,20.4,9.9,10.4,35115.06
2024-02-20,29.0,19.4,1.7,13.7,43244.18
2024-02-21,30.1,19.7,0.1,13.0,41180.48
2024-02-22,31.1,20.9,0.6,12.0,43293.98
2024-02-23,33.5,21.3,0.5,13.2,43200.0
2024-02-24,27.1,23.6,17.0,11.0,2759.91
2024-02-25,27.4,22.4,16.4,12.7,16303.65
2024-02-26,30.8,21.2,0.9,12.9,43200.0
2024-02-27,29.5,21.2,2.8,15.6,42335.92
2024-02-28,29.9,20.3,0.0,13.6,43200.0
2024-02-29,29.6,20.9,0.6,13.3,43200.0
2024-03-01,29.8,20.1,0.1,15.0,43200.0
2024-03-02,31.6,19.3,0.1,17.9,43200.0
2024-03-03,28.8,22.0,1.8,8.9,12517.15
2024-03-04,29.2,21.3,16.0,12.8,24026.7
2024-03-05,26.0,20.5,3.9,18.8,35855.81
2024-03-06,28.0,18.6,0.0,14.9,43200.0
2024-03-07,29.1,18.3,1.0,18.0,43200.0
2024-03-08,28.3,20.3,0.6,22.1,43200.0
2024-03-09,28.7,20.6,0.6,22.8,43200.0
2024-03-10,27.2,19.2,1.0,25.4,40834.53
2024-03-11,26.9,20.6,4.1,26.6,43109.21
2024-03-12,28.7,19.3,0.4,19.0,43200.0
2024-03-13,28.3,20.0,0.6,19.7,42900.34
2024-03-14,28.0,19.2,0.0,14.4,34449.37
2024-03-15,28.6,18.2,1.5,23.2,43200.0
2024-03-16,27.3,19.6,0.0,20.0,30986.18
2024-03-17,26.4,18.6,5.4,14.2,42256.03
2024-03-18,27.5,20.1,27.8,13.3,34362.42
2024-03-19,28.1,19.3,1.5,13.4,41209.92
2024-03-20,29.3,19.6,0.2,12.8,42909.21
2024-03-21,26.1,20.3,1.1,26.8,29839.31
2024-03-22,25.5,18.7,0.0,20.4,26374.68
2024-03-23,25.0,17.1,4.0,13.8,23200.6
2024-03-24,21.2,18.4,14.1,9.1,0.0
2024-03-25,22.4,18.1,9.7,11.2,0.0
2024-03-26,23.1,19.9,51.7,18.8,1323.13
2024-03-27,23.6,21.3,23.3,19.9,12908.73
2024-03-28,27.5,18.9,0.1,17.6,42365.3
2024-03-29,26.2,17.8,1.9,14.3,41634.88
2024-03-30,26.9,18.5,1.2,15.1,42211.54
2024-03-31,25.0,16.6,1.4,13.9,41132.41
2024-04-01,25.0,18.2,3.5,13.4,35121.58
2024-04-02,27.4,19.5,2.0,13.7,34835.35
2024-04-03,29.6,18.6,1.5,13.2,41142.33
2024-04-04,24.2,19.8,33.6,11.4,34658.69
2024-04-05,24.6,19.6,29.2,9.3,5128.15
2024-04-06,27.4,19.7,11.9,9.8,37430.68
2024-04-07,28.7,20.9,8.4,8.9,35844.54
2024-04-08,28.7,19.3,0.0,10.9,41161.74
2024-04-09,28.0,19.5,0.0,20.3,30141.48
2024-04-10,26.2,15.1,0.0,20.1,39329.08
2024-04-11,26.5,13.6,0.0,13.3,40384.08
2024-04-12,25.3,14.2,0.5,10.9,39859.79
2024-04-13,25.3,14.5,0.7,10.2,39861.77
2024-04-14,26.1,16.4,0.1,10.9,39863.46
2024-04-15,26.3,15.7,0.0,10.9,39600.15
2024-04-16,26.9,15.9,0.0,11.0,39600.68
2024-04-17,26.2,16.0,0.5,13.8,39019.42
2024-04-18,25.1,17.1,2.6,8.7,39068.77
2024-04-19,26.6,16.9,0.0,16.6,39066.88
2024-04-20,24.7,14.5,8.5,12.8,20923.63
2024-04-21,20.6,16.6,27.4,18.5,17248.57
2024-04-22,24.3,16.0,0.6,23.2,38337.34
2024-04-23,24.4,16.1,0.1,15.1,37551.41
2024-04-24,25.6,15.3,0.5,11.6,38793.59
2024-04-25,25.7,15.5,0.2,11.4,35311.92
2024-04-26,22.5,16.2,1.0,15.1,29151.22
2024-04-27,23.1,13.9,0.9,15.0,38694.0
2024-04-28,23.9,14.7,2.3,15.5,38660.48
2024-04-29,24.2,14.5,0.2,12.0,38626.82
2024-04-30,24.4,14.3,0.9,9.0,38593.05
2024-05-01,24.7,14.7,0.3,18.0,38559.18
2024-05-02,22.8,15.3,0.8,24.2,38525.24
2024-05-03,21.8,16.5,2.0,17.3,29961.25
2024-05-04,21.4,15.3,2.1,12.0,26218.67
2024-05-05,24.0,15.3,0.6,11.8,37818.28
2024-05-06,24.1,15.1,2.0,13.9,38389.13
2024-05-07,22.2,15.3,4.4,21.6,38355.13
2024-05-08,22.8,14.2,0.2,18.6,38321.18
2024-05-09,22.8,14.9,1.2,18.4,37908.89
2024-05-10,23.6,15.1,0.1,16.4,38209.36
2024-05-11,23.8,15.2,1.1,9.7,29392.78
2024-05-12,23.2,15.7,4.4,13.8,35915.41
2024-05-13,23.6,12.0,0.0,12.1,38152.98
2024-05-14,25.1,11.9,0.0,10.7,38119.27
2024-05-15,24.1,13.6,0.1,13.7,33862.23
2024-05-16,19.7,16.0,4.7,10.2,8282.83
2024-05-17,19.8,14.2,1.3,12.0,31343.16
2024-05-18,23.5,13.1,1.0,16.2,37263.97
2024-05-19,21.7,11.4,0.0,19.6,37567.16
2024-05-20,21.9,9.9,0.0,11.2,37871.22
2024-05-21,22.0,9.4,0.4,12.2,37042.76
2024-05-22,21.3,11.6,0.0,10.6,27677.64
2024-05-23,22.7,10.7,0.0,9.8,37336.71
2024-05-24,22.6,10.8,0.1,10.3,34325.15
2024-05-25,19.8,13.1,4.0,8.9,20187.02
2024-05-26,22.7,12.1,0.2,7.6,36478.31
2024-05-27,23.0,12.8,0.0,9.6,36192.35
2024-05-28,21.8,13.1,1.8,11.4,32592.83
2024-05-29,22.6,12.8,0.0,15.0,36480.87
2024-05-30,22.2,14.6,0.8,16.6,33824.0
2024-05-31,24.0,14.0,0.9,15.0,35041.63
2024-06-01,23.2,15.5,11.9,14.5,7361.12
2024-06-02,21.4,12.6,0.0,18.9,35810.83
2024-06-03,19.3,11.1,0.0,20.3,36503.2
2024-06-04,19.9,7.4,0.0,12.1,35934.18
2024-06-05,20.6,6.6,0.0,10.7,35943.04
2024-06-06,21.1,9.8,0.6,18.3,36242.16
2024-06-07,18.9,9.0,0.0,18.6,36253.57
2024-06-08,20.9,8.9,0.0,20.1,35976.43
2024-06-09,21.9,11.9,0.0,16.4,30155.27
2024-06-10,21.4,9.8,0.0,14.7,36003.53
2024-06-11,21.6,8.6,0.0,11.7,36018.27
2024-06-12,22.8,9.8,0.0,21.8,35788.93
2024-06-13,20.1,9.5,0.0,16.8,36049.72
2024-06-14,21.5,8.0,0.0,10.2,31622.11
2024-06-15,21.1,9.7,0.2,18.3,35805.74
2024-06-16,20.0,9.5,0.0,16.5,35813.29
2024-06-17,18.7,9.3,0.0,21.1,36118.09
2024-06-18,20.3,8.7,0.0,19.6,35844.95
2024-06-19,20.3,8.7,0.0,16.9,35862.73
2024-06-20,21.6,7.5,0.0,10.7,22818.76
2024-06-21,24.4,7.6,0.0,15.6,32002.88
2024-06-22,20.7,10.6,0.0,13.4,28913.19
2024-06-23,20.1,7.7,0.0,21.8,35935.86
2024-06-24,21.7,9.3,0.0,12.5,35731.98
2024-06-25,21.7,11.3,3.1,11.0,35922.78
2024-06-26,24.2,11.8,0.0,12.0,35940.7
2024-06-27,24.4,12.6,1.5,13.0,35959.71
2024-06-28,22.5,12.6,0.3,12.6,35979.74
2024-06-29,22.2,11.5,0.3,11.4,36000.0
2024-06-30,26.4,13.7,0.0,17.2,36000.0
2024-07-01,19.6,14.8,4.4,12.9,0.0
2024-07-02,17.2,13.5,9.1,14.8,13368.41
2024-07-03,17.1,11.9,4.6,19.0,10800.0
2024-07-04,19.8,11.1,0.0,21.7,31413.69
2024-07-05,20.1,10.4,0.4,20.5,36000.0
2024-07-06,20.4,11.6,0.6,23.2,36000.0
2024-07-07,20.4,11.0,0.1,17.5,36000.0
2024-07-08,18.0,11.9,1.2,9.7,10277.0
2024-07-09,19.8,12.9,3.1,9.3,16736.58
2024-07-10,21.8,12.1,5.2,10.7,36000.0
2024-07-11,22.6,12.4,0.1,10.3,36000.0
2024-07-12,22.7,11.2,0.0,15.1,36029.91
2024-07-13,19.2,12.2,0.0,22.9,35530.69
2024-07-14,18.8,9.8,0.0,22.0,36013.31
2024-07-15,17.4,8.4,0.0,21.0,36003.95
2024-07-16,17.1,5.4,0.0,29.0,36000.0
2024-07-17,15.6,8.1,0.0,25.9,36000.0
2024-07-18,17.7,10.1,0.0,24.6,36000.0
2024-07-19,19.2,8.0,0.0,20.1,36243.67
2024-07-20,21.6,5.2,0.0,24.2,36230.55
2024-07-21,20.2,9.9,0.0,27.0,36216.82
2024-07-22,20.7,6.7,0.0,12.5,36202.45
2024-07-23,21.7,7.1,0.0,10.9,36187.46
2024-07-24,22.4,8.5,0.0,13.7,36000.0
2024-07-25,23.3,10.1,0.2,18.1,36000.0
2024-07-26,23.7,10.6,0.2,13.7,36138.83
2024-07-27,22.6,9.9,1.7,13.0,32521.41
2024-07-28,21.6,11.3,0.0,23.4,25200.0
2024-07-29,19.6,6.9,0.0,22.3,36922.05
2024-07-30,20.4,7.0,0.0,15.3,36622.87
2024-07-31,20.4,6.6,0.0,14.5,36602.17
2024-08-01,20.9,7.7,0.0,13.4,36858.5
2024-08-02,21.0,7.0,0.0,13.2,36835.97
2024-08-03,22.2,8.6,0.0,12.3,36812.72
2024-08-04,22.0,8.0,0.0,13.2,36788.75
2024-08-05,21.0,10.3,0.1,10.9,32919.06
2024-08-06,22.2,12.5,0.1,15.0,29358.26
2024-08-07,21.6,10.7,1.4,14.2,36713.15
2024-08-08,20.5,10.7,0.2,14.6,34492.23
2024-08-09,21.4,10.8,0.0,14.0,29733.69
2024-08-10,22.2,11.0,0.2,14.7,37179.17
2024-08-11,22.4,11.8,2.8,18.5,36289.42
2024-08-12,19.1,14.3,20.9,17.0,2090.45
2024-08-13,18.8,16.5,21.8,20.4,0.0
2024-08-14,19.7,16.9,10.3,19.0,1334.2
2024-08-15,24.1,16.9,3.9,9.3,26411.9
2024-08-16,25.5,15.7,0.3,12.6,36630.26
2024-08-17,28.2,12.2,0.0,25.6,38738.68
2024-08-18,22.9,10.9,0.0,17.9,39045.35
2024-08-19,22.6,9.6,0.0,15.5,38816.28
2024-08-20,21.8,12.7,1.0,12.8,32703.24
2024-08-21,24.7,12.7,0.0,16.8,38629.79
2024-08-22,25.9,12.7,0.0,13.2,39205.25
2024-08-23,24.5,13.4,0.4,17.2,37109.65
2024-08-24,25.1,12.1,0.0,9.4,39292.26
2024-08-25,26.8,12.3,0.0,12.5,39337.49
2024-08-26,27.9,14.7,0.0,13.0,39648.66
2024-08-27,26.9,16.0,0.0,10.8,39430.96
2024-08-28,29.8,16.0,0.0,15.8,40007.35
2024-08-29,32.2,15.9,0.0,13.4,40319.32
2024-08-30,31.4,11.8,0.0,12.6,40367.81
2024-08-31,35.4,16.7,0.0,13.8,40416.99
2024-09-01,32.0,16.2,0.0,13.7,40466.69
2024-09-02,32.9,15.2,0.0,19.7,40779.4
2024-09-03,24.7,11.8,0.0,22.5,40829.69
2024-09-04,22.5,10.4,0.0,15.1,40618.38
2024-09-05,23.2,11.2,0.0,13.5,37372.47
2024-09-06,24.7,10.4,0.0,18.7,41217.94
2024-09-07,27.2,11.2,0.0,17.6,41463.06
2024-09-08,27.6,12.0,0.0,16.6,41446.92
2024-09-09,28.3,12.9,0.0,14.2,40909.61
2024-09-10,24.9,16.9,7.9,14.2,29197.06
2024-09-11,24.8,16.6,1.0,12.6,40618.77
2024-09-12,26.4,13.9,9.6,10.4,37457.36
2024-09-13,22.5,12.2,0.6,23.9,41368.88
2024-09-14,22.6,11.5,0.0,15.3,39921.63
2024-09-15,25.5,10.9,0.2,18.1,41338.96
2024-09-16,23.5,10.4,0.0,15.7,41859.36
2024-09-17,23.1,10.6,0.0,15.0,41828.31
2024-09-18,24.8,10.8,0.2,17.2,41912.47
2024-09-19,27.5,11.5,0.2,17.1,33289.42
2024-09-20,28.7,12.2,0.0,15.9,41965.91
2024-09-21,27.5,14.1,0.7,15.9,41849.42
2024-09-22,25.6,12.7,0.2,11.0,42019.9
2024-09-23,27.0,13.0,0.0,15.1,42047.19
2024-09-24,26.2,13.8,0.0,15.8,42074.71
2024-09-25,25.4,13.0,0.0,19.6,42102.48
2024-09-26,27.2,13.4,4.9,19.7,41635.97
2024-09-27,21.8,16.2,23.3,24.8,15426.19
2024-09-28,21.4,14.3,28.1,31.5,8953.43
2024-09-29,25.3,15.8,3.9,19.7,42216.75
2024-09-30,28.0,14.4,0.5,17.5,39189.74
2024-10-01,24.3,14.0,0.0,16.1,42956.61
2024-10-02,23.0,13.0,0.3,21.9,42435.6
2024-10-03,23.0,11.8,0.0,22.4,42691.42
2024-10-04,24.0,10.2,0.0,14.5,43725.3
2024-10-05,29.1,12.1,0.0,15.3,43723.43
2024-10-06,32.3,15.2,0.0,12.3,43981.5
2024-10-07,31.3,16.5,0.0,12.7,44114.2
2024-10-08,32.8,18.0,8.6,17.8,38864.49
2024-10-09,22.9,15.7,38.0,17.5,25872.28
2024-10-10,21.7,15.6,21.4,19.5,25018.8
2024-10-11,24.0,13.7,0.5,13.3,44989.07
2024-10-12,25.8,13.5,0.6,13.2,43377.51
2024-10-13,21.8,15.1,1.0,20.6,44513.24
2024-10-14,23.0,14.5,0.1,14.7,37199.59
2024-10-15,24.1,14.4,7.1,9.8,37291.7
2024-10-16,23.0,15.0,6.8,12.5,31977.0
2024-10-17,26.6,15.4,0.3,16.2,44279.01
2024-10-18,26.8,16.8,0.0,19.5,41500.83
2024-10-19,32.5,17.2,0.2,16.5,45745.24
2024-10-20,26.2,17.7,0.2,14.7,45836.81
2024-10-21,27.4,17.9,0.1,17.0,45903.98
2024-10-22,27.0,17.0,0.5,18.1,36179.09
2024-10-23,27.8,16.3,0.5,17.2,43049.65
2024-10-24,31.6,20.6,0.7,14.3,32961.65
2024-10-25,28.9,16.6,0.1,22.7,46294.32
2024-10-26,24.1,14.8,0.8,18.6,46385.21
2024-10-27,25.7,16.3,1.3,18.3,39105.87
2024-10-28,25.4,15.3,16.4,13.3,19262.92
2024-10-29,27.8,13.2,0.1,14.0,46617.05
2024-10-30,25.1,18.2,2.3,14.8,46665.24
2024-10-31,30.4,17.1,3.1,15.4,44821.5
2024-11-01,31.2,15.3,1.1,13.4,46758.23
2024-11-02,26.7,16.6,0.1,17.9,46461.94
2024-11-03,27.4,17.7,0.4,17.0,46800.0
2024-11-04,29.7,17.1,0.0,19.1,46800.0
2024-11-05,31.5,18.7,3.2,18.5,46800.0
2024-11-06,30.4,18.8,0.0,18.1,46800.0
2024-11-07,31.8,19.0,0.0,21.3,37056.18
2024-11-08,33.8,22.4,1.8,12.4,39472.33
2024-11-09,30.5,21.3,0.1,17.9,46425.87
2024-11-10,29.7,20.6,25.8,16.6,34247.97
2024-11-11,28.7,21.4,42.9,19.8,39465.61
2024-11-12,28.3,21.0,26.5,15.2,29046.76
2024-11-13,30.1,19.2,6.1,13.9,40300.69
2024-11-14,32.2,18.7,0.0,13.7,44708.82
2024-11-15,27.3,20.2,2.8,13.1,37855.17
2024-11-16,26.6,20.1,16.6,15.9,45232.92
2024-11-17,26.8,19.3,0.0,14.3,46800.0
2024-11-18,28.1,18.8,5.0,14.3,43200.0
2024-11-19,22.9,17.3,36.8,15.8,1608.41
2024-11-20,21.4,17.5,35.3,17.1,0.0
2024-11-21,22.5,17.6,4.1,16.4,1969.17
2024-11-22,22.9,18.3,20.9,14.7,21220.01
2024-11-23,25.1,16.9,0.7,11.8,46800.0
2024-11-24,26.5,17.1,0.0,12.4,46800.0
2024-11-25,26.1,18.4,0.3,12.1,46800.0
2024-11-26,26.6,19.0,1.3,12.7,46800.0
2024-11-27,27.8,19.2,1.8,14.9,46106.35
2024-11-28,29.0,21.3,1.9,12.1,43873.81
2024-11-29,27.7,21.6,3.6,15.4,40902.13
2024-11-30,26.1,21.7,51.1,17.1,8409.37
2024-12-01,27.7,21.4,34.6,13.0,38279.87
2024-12-02,29.7,20.5,2.6,14.6,46870.33
2024-12-03,28.9,21.7,0.1,13.8,41361.61
2024-12-04,28.2,21.7,1.1,11.5,26729.52
2024-12-05,28.0,21.9,3.4,14.0,45742.06
2024-12-06,29.1,21.0,0.1,12.0,47352.97
2024-12-07,30.3,20.7,0.0,14.8,47332.43
2024-12-08,35.3,20.3,0.2,8.0,47027.46
2024-12-09,29.6,23.0,9.7,11.7,28970.17
2024-12-10,29.0,21.9,29.8,13.1,11291.2
2024-12-11,25.9,19.7,22.7,15.3,11766.36
2024-12-12,28.6,18.9,0.0,12.0,47804.42
2024-12-13,29.1,20.4,0.7,13.3,46800.0
2024-12-14,27.2,21.2,45.3,12.6,22570.38
2024-12-15,29.0,21.4,1.8,17.2,39052.66
2024-12-16,27.8,22.0,19.1,21.3,33834.18
2024-12-17,29.5,22.0,23.8,12.5,39348.19
2024-12-18,30.4,21.0,33.1,20.0,32400.0
2024-12-19,26.5,18.9,0.0,19.7,40027.42
2024-12-20,26.7,16.8,0.1,12.0,48816.02
2024-12-21,30.1,19.6,0.0,12.1,45201.03
2024-12-22,28.6,18.1,0.0,11.7,49072.01
2024-12-23,30.5,19.6,0.0,12.9,48485.71
2024-12-24,30.7,19.5,0.0,18.7,49171.39
2024-12-25,29.3,18.3,0.0,15.8,49028.53
2024-12-26,28.7,17.6,0.0,12.0,49222.31
2024-12-27,31.2,17.4,0.0,14.4,49246.09
2024-12-28,35.3,21.7,4.0,10.6,41502.69
2024-12-29,31.0,22.8,3.1,13.3,47550.11
2024-12-30,29.1,22.4,3.3,15.2,22457.53
2024-12-31,29.0,21.3,3.1,13.9,43928.16
2025-01-01,28.2,20.0,2.9,12.5,45708.24
2025-01-02,26.6,19.7,10.2,15.6,25217.09
2025-01-03,28.0,18.8,0.8,17.7,49098.07
2025-01-04,27.7,19.0,1.2,16.8,49237.63
2025-01-05,28.7,17.8,0.3,12.3,49205.03
2025-01-06,28.9,18.8,0.0,12.7,49170.36
2025-01-07,30.6,17.5,0.0,15.2,48895.06
2025-01-08,30.2,20.7,4.8,11.1,47433.7
2025-01-09,26.6,19.3,20.7,10.6,39167.31
2025-01-10,26.8,19.5,43.4,14.6,18440.29
2025-01-11,25.3,18.9,58.7,11.9,16968.09
2025-01-12,26.1,19.3,8.2,10.8,36436.66
2025-01-13,28.3,19.9,4.2,9.2,46536.64
2025-01-14,28.5,20.1,1.2,10.7,45713.77
2025-01-15,33.3,21.4,5.9,14.4,46252.54
2025-01-16,33.6,21.8,0.5,16.7,48704.21
2025-01-17,29.7,18.2,2.3,12.9,32990.79
2025-01-18,29.9,19.0,6.6,19.4,46668.09
2025-01-19,28.2,20.1,4.2,22.1,41388.01
2025-01-20,29.2,17.2,0.0,13.5,48463.1
2025-01-21,31.0,19.1,0.6,12.5,48399.02
2025-01-22,36.2,21.4,0.0,10.3,47338.32
2025-01-23,29.4,22.9,5.4,16.5,32389.19
2025-01-24,37.1,22.5,0.0,16.8,30207.35
2025-01-25,30.1,23.7,0.2,14.9,43493.02
2025-01-26,31.2,22.6,0.0,13.6,46360.89
2025-01-27,28.9,23.3,0.9,13.3,40228.7
2025-01-28,31.6,20.9,0.0,12.0,47917.01
2025-01-29,31.9,20.2,0.0,13.3,47842.94
2025-01-30,31.3,22.3,0.2,13.2,46611.87
2025-01-31,31.4,23.0,1.9,15.4,45040.82
2025-02-01,30.5,22.8,0.4,18.2,44310.79
2025-02-02,30.1,21.3,0.2,18.3,43433.28
2025-02-03,29.7,21.7,5.2,17.7,44531.21
2025-02-04,29.3,21.5,2.2,15.8,40507.04
2025-02-05,27.5,22.2,4.1,8.0,897.58
2025-02-06,28.8,21.4,1.6,14.3,40951.66
2025-02-07,30.0,20.6,2.0,14.7,44741.54
2025-02-08,29.4,19.5,0.8,12.7,45315.57
2025-02-09,30.3,20.4,2.1,13.2,44280.1
2025-02-10,30.9,20.9,2.5,13.3,44372.15
2025-02-11,30.7,20.9,11.7,15.5,44358.31
2025-02-12,30.6,20.7,3.2,12.8,43597.61
2025-02-13,28.9,23.1,3.7,12.7,43055.11
2025-02-14,30.1,21.2,0.9,12.8,43229.1
2025-02-15,31.8,22.8,9.0,11.7,32400.0
2025-02-16,34.5,22.0,0.7,17.1,43762.87
2025-02-17,28.0,20.6,0.0,14.4,35847.75
2025-02-18,29.3,20.2,0.7,12.6,43583.45
2025-02-19,28.2,20.7,2.3,14.1,39826.11
2025-02-20,30.1,19.5,0.0,14.9,43260.94
2025-02-21,29.1,20.1,0.7,22.5,43200.0
2025-02-22,29.8,19.6,0.2,20.5,43313.52
2025-02-23,30.0,19.9,0.2,15.5,43200.0
2025-02-24,30.6,20.9,0.3,13.4,43200.0
2025-02-25,31.1,20.4,0.0,19.5,43200.0
2025-02-26,30.3,21.3,0.5,17.8,43200.0
2025-02-27,30.0,19.1,0.1,15.4,43200.0
2025-02-28,30.1,19.8,0.3,15.5,43200.0
2025-03-01,31.0,20.1,0.0,19.0,43200.0
2025-03-02,30.6,21.0,0.1,23.3,43200.0
2025-03-03,30.4,22.6,0.1,24.7,43200.0
2025-03-04,31.1,21.8,3.3,22.6,43200.0
2025-03-05,28.3,20.3,14.0,31.4,22627.77
2025-03-06,27.6,22.1,5.1,26.2,36456.95
2025-03-07,27.5,21.1,34.6,35.1,21386.18
2025-03-08,25.0,22.4,112.2,41.8,12111.5
2025-03-09,23.2,22.1,167.8,28.4,0.0
2025-03-10,23.6,22.0,56.5,19.4,0.0
2025-03-11,26.6,21.6,5.1,11.5,25856.69
2025-03-12,26.7,20.1,2.0,12.3,43200.0
2025-03-13,27.6,19.4,0.6,11.8,43200.0
2025-03-14,27.8,19.0,0.3,11.6,43200.0
2025-03-15,27.5,18.8,0.6,11.7,43200.0
2025-03-16,28.8,18.1,0.2,12.4,43191.06
2025-03-17,31.9,18.0,0.3,21.7,43123.49
2025-03-18,26.1,19.5,0.1,17.7,38997.43
2025-03-19,25.6,18.7,0.0,13.1,4501.16
2025-03-20,26.4,20.1,4.9,12.1,26062.5
2025-03-21,28.5,19.4,1.8,8.5,42851.85
2025-03-22,30.6,20.9,2.1,8.6,42784.07
2025-03-23,28.2,21.3,4.8,9.9,14760.56
2025-03-24,25.9,21.1,2.9,12.2,3027.67
2025-03-25,24.3,21.0,6.1,13.1,0.0
2025-03-26,23.9,20.2,11.2,12.0,900.57
2025-03-27,23.1,20.2,25.0,14.3,0.0
2025-03-28,23.0,20.2,33.5,16.3,0.0
2025-03-29,24.8,22.1,43.9,21.6,16082.58
2025-03-30,30.6,21.1,0.0,14.5,42240.51
2025-03-31,29.0,20.6,0.5,12.1,39554.89
2025-04-01,24.8,20.5,0.2,14.3,7368.21
2025-04-02,23.3,19.5,19.1,9.3,0.0
2025-04-03,26.0,19.1,8.3,9.2,28612.45
2025-04-04,25.2,19.1,0.4,14.6,31687.42
2025-04-05,27.9,18.7,0.1,10.2,41149.96
2025-04-06,26.2,17.9,0.3,8.4,41563.37
2025-04-07,27.7,16.0,0.0,11.3,41467.25
2025-04-08,25.9,16.2,0.5,10.9,40377.53
2025-04-09,25.2,16.5,5.1,14.0,40118.72
2025-04-10,25.7,16.1,0.4,12.4,40384.88
2025-04-11,25.4,16.8,1.2,10.7,39861.68
2025-04-12,24.0,18.6,9.8,18.1,32416.01
2025-04-13,25.7,17.9,0.6,17.4,39865.62
2025-04-14,24.8,17.3,1.7,17.2,39338.47
2025-04-15,24.8,16.8,0.4,18.4,39602.9
2025-04-16,24.1,16.6,0.0,14.9,39602.5
2025-04-17,26.1,15.3,0.0,10.8,39070.95
2025-04-18,27.0,16.7,0.0,9.3,39334.3
2025-04-19,27.3,15.4,0.2,9.3,39066.2
2025-04-20,27.0,17.2,1.1,8.2,37077.27
2025-04-21,27.4,16.3,8.8,13.2,38899.81
2025-04-22,25.2,16.2,0.2,13.5,39056.68
2025-04-23,25.0,14.7,0.0,11.0,38732.05
2025-04-24,23.3,17.4,15.1,16.8,26627.67
2025-04-25,21.6,17.6,39.5,13.1,19867.09
2025-04-26,26.3,17.5,2.3,7.6,37611.23
2025-04-27,25.6,16.4,1.1,15.2,38702.0
2025-04-28,25.8,16.6,0.0,19.1,38668.65
2025-04-29,25.9,16.8,0.0,9.8,38635.23
2025-04-30,25.7,17.0,1.4,9.1,38601.73
2025-05-01,23.6,14.2,2.1,11.1,38568.18
2025-05-02,22.0,13.5,0.1,17.6,38534.59
2025-05-03,22.8,14.1,2.1,16.8,38500.97
2025-05-04,24.0,14.3,3.1,17.1,38064.13
2025-05-05,23.7,15.6,0.7,14.3,38433.71
2025-05-06,24.3,15.4,0.0,13.4,38385.77
2025-05-07,24.6,13.9,0.0,8.9,38366.51
2025-05-08,26.1,14.3,0.0,13.0,38332.85
2025-05-09,22.7,16.5,0.2,19.2,37069.29
2025-05-10,21.3,15.0,1.7,19.7,37149.47
2025-05-11,21.8,15.6,2.8,17.3,36661.7
2025-05-12,22.6,15.3,1.2,13.9,36854.06
2025-05-13,24.1,15.4,1.8,11.8,36514.22
2025-05-14,22.7,17.4,11.5,15.8,27781.33
2025-05-15,23.0,16.2,2.7,9.7,36000.0
2025-05-16,23.7,14.9,2.0,9.8,23350.5
2025-05-17,24.4,16.8,9.4,10.3,28800.0
2025-05-18,23.0,14.9,0.8,9.4,37542.08
2025-05-19,22.0,14.5,3.0,14.4,26295.02
2025-05-20,23.1,13.5,0.0,9.9,37301.74
2025-05-21,24.1,15.1,0.4,9.4,37322.17
2025-05-22,23.8,14.3,0.0,15.7,37622.1
2025-05-23,23.7,14.1,0.0,13.5,37334.89
2025-05-24,25.4,14.3,0.5,9.9,35950.54
2025-05-25,26.2,13.6,0.0,8.4,37045.86
2025-05-26,25.1,15.6,0.0,11.3,32310.35
2025-05-27,28.5,15.5,0.0,20.5,36187.35
2025-05-28,21.2,13.0,0.0,18.8,36759.74
2025-05-29,20.3,13.6,0.4,13.7,13681.89
2025-05-30,17.7,13.3,41.0,11.1,8976.37
2025-05-31,19.1,14.9,35.7,21.5,4907.25
2025-06-01,22.3,14.0,2.1,16.3,35913.57
2025-06-02,21.8,14.3,1.6,11.3,23118.24
2025-06-03,21.9,15.0,1.6,18.4,36215.3
2025-06-04,20.3,11.6,0.2,19.6,36223.96
2025-06-05,19.7,9.9,0.0,13.9,36233.57
2025-06-06,20.8,9.9,0.0,10.4,36243.98
2025-06-07,22.8,11.9,0.0,13.1,34113.17
2025-06-08,20.8,10.4,0.0,15.0,36267.24
2025-06-09,17.5,8.8,0.0,21.0,35990.12
2025-06-10,17.5,8.9,0.0,18.9,36003.13
2025-06-11,17.3,8.8,0.0,20.9,36016.64
2025-06-12,17.6,7.2,0.0,14.6,36030.65
2025-06-13,17.3,6.8,0.0,15.2,36045.06
2025-06-14,18.5,7.5,0.0,13.2,36059.68
2025-06-15,20.1,7.7,0.0,10.8,35800.22
2025-06-16,20.3,8.3,0.0,11.7,35806.3
2025-06-17,17.4,10.5,0.0,8.9,576.91
2025-06-18,20.3,10.6,0.0,10.7,34536.65
2025-06-19,21.3,10.6,0.0,11.4,35849.83
2025-06-20,21.0,11.6,0.0,11.4,35844.83
2025-06-21,20.1,12.2,0.5,15.9,35857.85
2025-06-22,21.2,13.0,1.8,12.0,35872.09
2025-06-23,20.7,12.6,0.2,6.4,28609.85
2025-06-24,22.8,12.6,0.5,9.4,35903.92
2025-06-25,20.1,13.7,1.2,19.9,35921.36
2025-06-26,17.8,9.3,0.0,12.4,35997.12
2025-06-27,19.5,8.4,0.0,11.9,35958.95
2025-06-28,18.8,11.4,0.3,10.2,35978.96
2025-06-29,19.0,11.7,9.2,10.7,2489.88
2025-06-30,15.8,13.7,25.7,14.2,0.0
2025-07-01,18.2,11.4,0.3,19.5,36000.0
2025-07-02,16.9,8.8,0.0,30.3,36069.32
2025-07-03,18.5,10.6,0.0,31.0,36068.77
2025-07-04,19.3,9.0,0.0,20.6,36067.52
2025-07-05,21.0,8.1,0.0,10.2,36000.0
2025-07-06,22.9,12.1,3.2,11.0,28800.0
2025-07-07,20.3,11.4,4.1,16.0,36000.0
2025-07-08,20.8,8.7,0.0,12.9,36054.35
2025-07-09,23.9,7.3,0.0,10.3,36000.0
2025-07-10,22.0,12.9,0.2,18.5,36000.0
2025-07-11,19.3,9.1,0.0,20.6,36037.22
2025-07-12,19.5,7.9,0.0,14.5,36030.24
2025-07-13,20.5,7.4,0.0,10.1,36022.6
2025-07-14,21.7,7.1,0.0,11.7,36014.35
2025-07-15,21.9,7.0,0.0,9.1,35364.52
2025-07-16,21.6,9.0,0.0,10.0,36000.0
2025-07-17,21.5,9.8,0.8,8.9,36000.0
2025-07-18,19.5,12.5,15.1,14.2,14400.0
2025-07-19,20.0,10.2,0.0,12.6,36000.0
2025-07-20,20.7,10.9,0.1,12.7,36000.0
2025-07-21,20.4,11.6,0.1,13.8,36000.0
2025-07-22,21.2,11.3,0.0,8.1,32400.0
2025-07-23,21.7,11.9,8.7,13.9,23485.22
2025-07-24,18.4,9.1,0.0,19.9,36458.77
2025-07-25,19.1,6.6,0.0,9.8,36161.27
2025-07-26,20.4,9.9,18.3,15.6,15903.64
2025-07-27,19.8,12.1,1.4,18.2,36000.0
2025-07-28,18.5,10.6,0.0,22.4,36389.15
2025-07-29,19.4,7.1,0.0,11.4,29139.98
2025-07-30,23.6,10.2,2.6,16.0,36349.99
2025-07-31,18.6,10.0,0.0,19.4,36130.42
2025-08-01,18.6,11.2,1.5,10.1,36000.0
2025-08-02,16.9,8.1,0.9,18.2,36840.77
2025-08-03,20.4,7.9,1.0,24.5,32400.0
2025-08-04,21.9,13.2,0.0,16.4,36793.28
2025-08-05,23.2,11.7,0.0,12.4,37063.92
2025-08-06,22.6,10.4,0.0,9.3,37021.61
2025-08-07,21.2,10.7,0.0,14.3,36429.34
2025-08-08,19.4,13.9,4.5,18.7,3495.58
2025-08-09,19.3,13.1,2.7,19.3,9837.22
2025-08-10,20.2,12.0,0.4,17.3,37185.41
2025-08-11,20.1,10.7,0.2,11.6,37703.01
2025-08-12,20.6,9.4,0.0,9.2,37946.0
2025-08-13,19.4,10.3,1.3,7.8,36827.82
2025-08-14,18.9,9.2,3.9,9.8,33053.15
2025-08-15,20.4,9.9,0.5,10.9,38380.39
2025-08-16,22.1,7.7,0.0,13.3,38686.1
2025-08-17,20.2,9.1,0.0,14.4,38723.47
2025-08-18,19.0,6.7,0.0,14.1,38493.85
2025-08-19,16.5,8.9,2.6,11.8,23072.14
2025-08-20,16.6,11.6,19.6,10.7,10925.48
2025-08-21,20.2,12.2,12.2,14.6,34960.51
2025-08-22,23.6,12.4,0.7,9.4,39195.62
2025-08-23,23.4,11.0,0.0,15.7,39505.7
2025-08-24,23.2,11.8,0.0,10.8,39550.03
2025-08-25,22.6,11.0,0.1,12.6,39064.45
2025-08-26,22.5,13.2,0.1,10.9,38523.74
2025-08-27,26.4,11.2,0.0,14.8,39952.38
2025-08-28,24.2,13.1,0.0,17.2,40263.45
2025-08-29,23.1,9.5,0.0,15.2,40310.5
2025-08-30,19.0,10.0,0.0,24.4,40358.0
2025-08-31,21.4,7.9,0.0,14.3,40405.87
2025-09-01,20.4,11.4,0.5,8.8,27595.25
2025-09-02,22.0,11.7,3.6,9.0,39977.47
2025-09-03,23.3,12.0,0.0,10.2,40289.0
2025-09-04,23.6,11.7,0.0,9.5,40076.05
2025-09-05,24.9,13.8,0.8,15.1,39864.18
2025-09-06,21.1,12.6,0.4,16.8,40436.19
2025-09-07,21.5,11.8,0.0,12.6,40943.36
2025-09-08,23.4,9.8,0.0,13.5,41188.74
2025-09-09,27.1,11.1,0.0,10.9,41173.18
2025-09-10,27.4,14.1,0.0,12.7,40376.23
2025-09-11,21.0,12.5,0.2,24.3,41663.07
2025-09-12,22.8,9.9,0.4,12.5,40867.26
2025-09-13,21.1,12.5,1.0,10.2,39600.0
2025-09-14,22.4,11.8,0.1,10.7,41357.29
2025-09-15,22.9,10.9,0.0,11.8,41826.58
2025-09-16,23.5,10.8,0.0,14.0,41327.64
2025-09-17,28.5,14.3,0.1,10.8,41572.33
2025-09-18,27.7,16.0,0.0,13.9,41816.9
2025-09-19,26.8,16.2,0.2,14.1,38065.03
2025-09-20,23.7,16.9,0.2,14.8,15331.26
2025-09-21,26.3,14.2,0.0,13.3,41987.75
2025-09-22,28.8,14.0,0.0,10.0,42015.29
2025-09-23,23.9,13.6,0.2,17.4,42043.09
2025-09-24,25.1,11.0,0.0,12.1,42071.18
2025-09-25,27.7,12.3,0.0,11.2,42217.36
2025-09-26,27.7,11.7,0.0,13.5,41268.07
2025-09-27,27.2,13.6,0.0,15.7,40702.25
2025-09-28,29.1,14.1,0.0,13.6,42458.81
2025-09-29,30.9,15.9,0.0,12.9,41665.03
2025-09-30,27.6,18.4,0.1,14.2,39831.68
2025-10-01,28.5,18.0,0.2,12.9,33366.26
2025-10-02,32.8,19.0,0.0,13.8,42438.01
2025-10-03,28.6,14.5,0.0,14.5,43469.63
2025-10-04,26.5,13.3,0.0,14.5,43725.38
2025-10-05,28.0,14.2,0.0,12.1,43722.67
2025-10-06,32.3,12.4,0.0,15.5,44239.58
2025-10-07,32.6,14.8,0.0,15.3,44498.24
2025-10-08,30.6,16.4,0.0,16.2,42679.73
2025-10-09,30.4,16.9,0.0,19.4,44759.3
2025-10-10,29.4,17.7,0.0,15.1,43980.86
2025-10-11,32.8,18.8,0.0,16.0,44967.87
2025-10-12,33.3,21.3,1.6,13.2,38230.49
2025-10-13,29.3,20.6,8.8,19.5,24186.74
2025-10-14,25.9,19.9,2.6,13.6,39224.49
2025-10-15,26.4,18.4,1.8,15.0,42708.92
2025-10-16,26.1,18.3,0.0,13.6,42743.4
2025-10-17,27.5,14.5,0.0,15.8,45532.13
2025-10-18,33.2,16.9,3.3,14.8,44554.48
2025-10-19,28.3,18.6,0.6,16.2,45719.6
2025-10-20,28.8,18.1,0.0,13.4,45813.21
2025-10-21,31.1,16.8,0.0,14.1,45906.65
2025-10-22,29.6,17.7,0.0,14.9,45999.83
2025-10-23,34.7,18.6,1.2,16.6,44520.62
2025-10-24,32.7,20.4,0.0,15.7,43034.06
2025-10-25,27.9,20.8,0.0,13.9,41150.41
2025-10-26,31.5,19.2,13.4,16.5,43954.88
2025-10-27,35.4,20.9,0.0,23.4,46458.96
2025-10-28,22.2,17.3,32.6,19.4,0.0
2025-10-29,25.3,16.4,4.1,13.9,46609.09
2025-10-30,26.3,16.6,44.0,12.9,43337.71
2025-10-31,28.2,18.7,20.1,14.5,34322.09
2025-11-01,29.6,19.1,13.6,16.8,39675.45
2025-11-02,28.5,19.3,0.6,17.6,46792.36
2025-11-03,30.1,22.0,15.4,18.2,46800.0
2025-11-04,28.2,19.9,13.7,15.1,28162.19
2025-11-05,28.4,14.7,0.0,14.6,46800.0
2025-11-06,25.6,15.0,0.8,12.8,46800.0
2025-11-07,26.3,15.3,0.0,10.6,46800.0
2025-11-08,29.7,15.3,8.6,14.8,42917.56
2025-11-09,26.4,20.2,2.2,12.3,0.0
2025-11-10,23.1,15.9,15.5,14.7,38507.31
2025-11-11,27.0,13.9,0.0,15.2,46800.0
2025-11-12,24.4,14.7,0.0,14.6,46800.0
2025-11-13,26.7,16.0,0.0,18.0,46800.0
2025-11-14,26.2,17.9,24.6,20.0,14745.96
2025-11-15,30.2,17.5,33.2,16.2,35382.17
2025-11-16,25.4,20.7,19.3,16.9,604.56
2025-11-17,31.4,20.0,0.0,20.3,46800.0
2025-11-18,25.8,16.2,0.3,14.7,46800.0
2025-11-19,27.1,16.8,0.0,12.6,46800.0
2025-11-20,28.2,16.8,0.0,12.9,46800.0
2025-11-21,28.7,20.5,6.4,14.6,39600.0
2025-11-22,27.8,20.7,2.6,11.9,42983.71
2025-11-23,28.5,20.9,12.9,10.1,26623.04
2025-11-24,33.9,20.0,7.0,16.5,46800.0
2025-11-25,30.0,19.7,2.0,14.3,46800.0
2025-11-26,31.2,20.6,19.2,16.8,36227.74
2025-11-27,33.8,22.4,6.6,13.0,46315.89
2025-11-28,32.2,22.9,0.0,15.1,46961.01
2025-11-29,30.4,21.6,3.9,15.9,23072.39
2025-11-30,30.3,21.6,0.1,12.2,46916.74
2025-12-01,29.7,18.1,0.0,16.8,46894.67
2025-12-02,26.8,17.5,0.0,18.2,47155.59
2025-12-03,27.0,14.7,0.0,13.6,47134.08
2025-12-04,27.3,17.8,0.0,13.1,47112.75
2025-12-05,27.6,16.6,0.0,13.6,47091.64
2025-12-06,29.0,17.6,0.0,15.9,47354.91
2025-12-07,30.6,18.8,5.6,17.9,46800.0
2025-12-08,27.6,19.3,25.7,14.5,32152.11
2025-12-09,29.6,18.9,0.2,12.3,47580.09
2025-12-10,30.4,20.5,0.0,14.3,47276.29
2025-12-11,28.9,19.8,0.0,13.5,47542.93
2025-12-12,26.2,19.2,6.5,12.4,42572.83
2025-12-13,29.1,18.4,6.1,12.6,47793.28
2025-12-14,30.3,20.3,1.3,11.9,39534.33
2025-12-15,34.3,21.5,4.8,17.8,44685.29
2025-12-16,26.2,21.1,3.4,20.5,16396.82
2025-12-17,26.0,19.4,0.3,17.0,26330.41
2025-12-18,28.2,18.2,0.0,12.8,48566.39
2025-12-19,30.6,16.6,0.0,14.6,48835.91
2025-12-20,31.8,19.4,0.0,15.9,48819.74
2025-12-21,33.4,19.9,0.0,16.9,48803.82
2025-12-22,35.7,22.9,0.7,17.0,47103.23
2025-12-23,30.5,23.6,9.9,13.8,28786.11
2025-12-24,30.4,23.3,15.0,9.5,31265.45
2025-12-25,33.7,21.3,3.0,15.6,47601.05
2025-12-26,27.7,20.9,2.8,17.0,47873.01
2025-12-27,24.7,19.2,0.3,18.3,38184.76
2025-12-28,25.4,18.1,1.9,14.9,38525.12
2025-12-29,28.6,16.0,0.0,17.6,49289.55
2025-12-30,28.4,15.7,0.0,14.7,49308.71
2025-12-31,31.5,16.5,3.3,16.1,43200.0
